[
  {
    "name": "GitHub",
    "url": "https://github.com/{}",
    "error_type": "status_code"
  },
  {
    "name": "Instagram",
    "url": "https://www.instagram.com/{}",
    "error_type": "status_code"
  },
  {
    "name": "Twitter/X",
    "url": "https://twitter.com/{}",
    "error_type": "status_code"
  },
  {
    "name": "Reddit",
    "url": "https://www.reddit.com/user/{}",
    "error_type": "status_code"
  },
  {
    "name": "YouTube",
    "url": "https://www.youtube.com/@{}",
    "error_type": "status_code"
  },
  {
    "name": "TikTok",
    "url": "https://www.tiktok.com/@{}",
    "error_type": "status_code"
  },
  {
    "name": "Facebook",
    "url": "https://www.facebook.com/{}",
    "error_type": "status_code"
  },
  {
    "name": "LinkedIn",
    "url": "https://www.linkedin.com/in/{}",
    "error_type": "status_code"
  },
  {
    "name": "Pinterest",
    "url": "https://www.pinterest.com/{}",
    "error_type": "status_code"
  },
  {
    "name": "Tumblr",
    "url": "https://{}.tumblr.com",
    "error_type": "status_code"
  },
  {
    "name": "Medium",
    "url": "https://medium.com/@{}",
    "error_type": "status_code"
  },
  {
    "name": "Dev.to",
    "url": "https://dev.to/{}",
    "error_type": "status_code"
  },
  {
    "name": "Twitch",
    "url": "https://www.twitch.tv/{}",
    "error_type": "status_code"
  },
  {
    "name": "Spotify",
    "url": "https://open.spotify.com/user/{}",
    "error_type": "status_code"
  },
  {
    "name": "SoundCloud",
    "url": "https://soundcloud.com/{}",
    "error_type": "status_code"
  },
  {
    "name": "Telegram",
    "url": "https://t.me/{}",
    "error_type": "status_code"
  },
  {
    "name": "Discord",
    "url": "https://discord.com/users/{}",
    "error_type": "status_code"
  },
  {
    "name": "Patreon",
    "url": "https://www.patreon.com/{}",
    "error_type": "status_code"
  },
  {
    "name": "Behance",
    "url": "https://www.behance.net/{}",
    "error_type": "status_code"
  },
  {
    "name": "Dribbble",
    "url": "https://dribbble.com/{}",
    "error_type": "status_code"
  },
  {
    "name": "Stack Overflow",
    "url": "https://stackoverflow.com/users/{}",
    "error_type": "status_code"
  },
  {
    "name": "GitLab",
    "url": "https://gitlab.com/{}",
    "error_type": "status_code"
  },
  {
    "name": "Bitbucket",
    "url": "https://bitbucket.org/{}",
    "error_type": "status_code"
  },
  {
    "name": "HackerNews",
    "url": "https://news.ycombinator.com/user?id={}",
    "error_type": "status_code"
  },
  {
    "name": "Keybase",
    "url": "https://keybase.io/{}",
    "error_type": "status_code"
  },
  {
    "name": "About.me",
    "url": "https://about.me/{}",
    "error_type": "status_code"
  },
  {
    "name": "Blogger",
    "url": "https://{}.blogspot.com",
    "error_type": "status_code"
  },
  {
    "name": "WordPress",
    "url": "https://{}.wordpress.com",
    "error_type": "status_code"
  },
  {
    "name": "Vimeo",
    "url": "https://vimeo.com/{}",
    "error_type": "status_code"
  },
  {
    "name": "Flickr",
    "url": "https://www.flickr.com/people/{}",
    "error_type": "status_code"
  }
]
