{
  "social_media_patterns": {
    "description": "Regex patterns untuk mendeteksi mention akun social media di bio/deskripsi profil",
    "note": "Anda dapat menambah atau memodifikasi pattern sesuai kebutuhan",
    
    "instagram": {
      "description": "Pattern untuk Instagram username",
      "username_rules": "1-30 karakter, huruf, angka, titik, underscore",
      "patterns": [
        "@([a-zA-Z0-9._]{1,30})",
        "ig[:\\s]+([a-zA-Z0-9._]{1,30})",
        "instagram[:\\s]+([a-zA-Z0-9._]{1,30})",
        "instagram\\.com/([a-zA-Z0-9._]{1,30})"
      ],
      "examples": [
        "@username",
        "ig: username",
        "instagram: username",
        "instagram.com/username"
      ]
    },
    
    "tiktok": {
      "description": "Pattern untuk TikTok username",
      "username_rules": "1-24 karakter, huruf, angka, titik, underscore",
      "patterns": [
        "tiktok[:\\s]+@?([a-zA-Z0-9._]{1,24})",
        "tiktok\\.com/@([a-zA-Z0-9._]{1,24})",
        "tt[:\\s]+@?([a-zA-Z0-9._]{1,24})"
      ],
      "examples": [
        "tiktok: @username",
        "tiktok.com/@username",
        "tt: username"
      ]
    },
    
    "twitter": {
      "description": "Pattern untuk Twitter/X username",
      "username_rules": "1-15 karakter, huruf, angka, underscore",
      "patterns": [
        "twitter[:\\s]+@?([a-zA-Z0-9_]{1,15})",
        "x\\.com/([a-zA-Z0-9_]{1,15})",
        "twitter\\.com/([a-zA-Z0-9_]{1,15})"
      ],
      "examples": [
        "twitter: @username",
        "x.com/username",
        "twitter.com/username"
      ]
    },
    
    "youtube": {
      "description": "Pattern untuk YouTube username/channel",
      "username_rules": "1-30 karakter, huruf, angka, underscore",
      "patterns": [
        "youtube[:\\s]+@?([a-zA-Z0-9_]{1,30})",
        "youtube\\.com/@([a-zA-Z0-9_]{1,30})",
        "yt[:\\s]+@?([a-zA-Z0-9_]{1,30})"
      ],
      "examples": [
        "youtube: @channel",
        "youtube.com/@channel",
        "yt: channel"
      ]
    },
    
    "facebook": {
      "description": "Pattern untuk Facebook username",
      "username_rules": "1-50 karakter, huruf, angka, titik",
      "patterns": [
        "facebook[:\\s]+([a-zA-Z0-9.]{1,50})",
        "fb[:\\s]+([a-zA-Z0-9.]{1,50})",
        "facebook\\.com/([a-zA-Z0-9.]{1,50})"
      ],
      "examples": [
        "facebook: username",
        "fb: username",
        "facebook.com/username"
      ]
    },
    
    "telegram": {
      "description": "Pattern untuk Telegram username",
      "username_rules": "5-32 karakter, huruf, angka, underscore",
      "patterns": [
        "t\\.me/([a-zA-Z0-9_]{5,32})",
        "telegram[:\\s]+@?([a-zA-Z0-9_]{5,32})"
      ],
      "examples": [
        "t.me/username",
        "telegram: @username"
      ]
    },
    
    "github": {
      "description": "Pattern untuk GitHub username",
      "username_rules": "1-39 karakter, huruf, angka, hyphen",
      "patterns": [
        "github[:\\s]+([a-zA-Z0-9-]{1,39})",
        "github\\.com/([a-zA-Z0-9-]{1,39})"
      ],
      "examples": [
        "github: username",
        "github.com/username"
      ]
    },
    
    "linkedin": {
      "description": "Pattern untuk LinkedIn username",
      "username_rules": "3-100 karakter, huruf, angka, hyphen",
      "patterns": [
        "linkedin[:\\s]+([a-zA-Z0-9-]{3,100})",
        "linkedin\\.com/in/([a-zA-Z0-9-]{3,100})"
      ],
      "examples": [
        "linkedin: username",
        "linkedin.com/in/username"
      ]
    },
    
    "snapchat": {
      "description": "Pattern untuk Snapchat username",
      "username_rules": "3-15 karakter, huruf, angka, titik, hyphen, underscore",
      "patterns": [
        "snapchat[:\\s]+([a-zA-Z0-9._-]{3,15})",
        "snap[:\\s]+([a-zA-Z0-9._-]{3,15})"
      ],
      "examples": [
        "snapchat: username",
        "snap: username"
      ]
    },
    
    "twitch": {
      "description": "Pattern untuk Twitch username",
      "username_rules": "4-25 karakter, huruf, angka, underscore",
      "patterns": [
        "twitch[:\\s]+([a-zA-Z0-9_]{4,25})",
        "twitch\\.tv/([a-zA-Z0-9_]{4,25})"
      ],
      "examples": [
        "twitch: username",
        "twitch.tv/username"
      ]
    },
    
    "discord": {
      "description": "Pattern untuk Discord username",
      "username_rules": "Format username#discriminator",
      "patterns": [
        "discord[:\\s]+([a-zA-Z0-9._]{2,32}#[0-9]{4})",
        "discord[:\\s]+([a-zA-Z0-9._]{2,32})"
      ],
      "examples": [
        "discord: username#1234",
        "discord: username"
      ]
    },
    
    "reddit": {
      "description": "Pattern untuk Reddit username",
      "username_rules": "3-20 karakter, huruf, angka, hyphen, underscore",
      "patterns": [
        "reddit[:\\s]+u/([a-zA-Z0-9_-]{3,20})",
        "reddit\\.com/u/([a-zA-Z0-9_-]{3,20})",
        "reddit[:\\s]+([a-zA-Z0-9_-]{3,20})"
      ],
      "examples": [
        "reddit: u/username",
        "reddit.com/u/username"
      ]
    },
    
    "pinterest": {
      "description": "Pattern untuk Pinterest username",
      "username_rules": "3-30 karakter, huruf, angka, underscore",
      "patterns": [
        "pinterest[:\\s]+([a-zA-Z0-9_]{3,30})",
        "pinterest\\.com/([a-zA-Z0-9_]{3,30})"
      ],
      "examples": [
        "pinterest: username",
        "pinterest.com/username"
      ]
    },
    
    "spotify": {
      "description": "Pattern untuk Spotify username",
      "patterns": [
        "spotify[:\\s]+([a-zA-Z0-9]{1,30})",
        "open\\.spotify\\.com/user/([a-zA-Z0-9]{1,30})"
      ],
      "examples": [
        "spotify: username",
        "open.spotify.com/user/username"
      ]
    },
    
    "email": {
      "description": "Pattern untuk email addresses",
      "patterns": [
        "([a-zA-Z0-9._%+-]+@[a-zA-Z0-9.-]+\\.[a-zA-Z]{2,})"
      ],
      "examples": [
        "email@example.com"
      ]
    },
    
    "website": {
      "description": "Pattern untuk website URLs",
      "patterns": [
        "(https?://[a-zA-Z0-9.-]+\\.[a-zA-Z]{2,}[^\\s]*)",
        "(www\\.[a-zA-Z0-9.-]+\\.[a-zA-Z]{2,}[^\\s]*)"
      ],
      "examples": [
        "https://example.com",
        "www.example.com"
      ]
    }
  },
  
  "custom_patterns": {
    "description": "Area untuk menambahkan platform custom atau pattern khusus",
    "examples": {
      "my_platform": {
        "patterns": [
          "myplatform[:\\s]+([a-zA-Z0-9_]{3,20})"
        ],
        "examples": [
          "myplatform: username"
        ]
      }
    }
  },
  
  "settings": {
    "case_sensitive": false,
    "description": "Apakah pattern matching case sensitive atau tidak",
    "clean_username": {
      "remove_trailing_punctuation": true,
      "description": "Hapus tanda baca di akhir username (.,!?;:)"
    },
    "min_username_length": 1,
    "description_min_length": "Panjang minimum username yang valid"
  },
  
  "blacklist_keywords": {
    "description": "Keywords yang BUKAN username (false positive prevention)",
    "keywords": [
      "email",
      "contact",
      "info",
      "support",
      "admin",
      "help"
    ]
  }
}
